{
    "lambda_img": 619.7047119140625,
    "n_img": 1.0,
    "lambda_txt": 138.27606201171875,
    "n_txt": 1.0
}