{
    "lambda_img": 1708.9451904296875,
    "n_img": 1.0,
    "lambda_txt": 1255.334228515625,
    "n_txt": 1.0
}