{
    "lambda_img": 605.2554931640625,
    "n_img": 1.0,
    "lambda_txt": 220.12416076660156,
    "n_txt": 1.0
}