{
    "lambda_img": 53.84910583496094,
    "n_img": 1.0,
    "lambda_txt": 228.6428985595703,
    "n_txt": 1.0
}